﻿<?xml version="1.0" encoding="utf-8"?>
<featureSymbol xmlns="http://www.supermap.com.cn/desktop">
  <template name="LandCover">
    <feature code="0100" name="Conservation and Natural Environments" type="Unknown" datasourceAlias="" datasetName="">
      <fields />
      <feature code="0110" name="Nature conservation" type="Region" datasourceAlias="LandCover" datasetName="Nature_conservation">
        <fields>
          <field name="SmUserID" caption="SmUserID" value="0" DataType="Default" KeyField="True" />
          <field name="Class" caption="Class" value="0110" DataType="Default" KeyField="True" />
        </fields>
      </feature>
      <feature code="0120" name=" Managed resource protection" type="Region" datasourceAlias="LandCover" datasetName="Managed_resource_protection">
        <fields>
          <field name="SmUserID" caption="SmUserID" value="0" DataType="Default" KeyField="True" />
          <field name="Class" caption="Class" value="0120" DataType="Default" KeyField="True" />
        </fields>
      </feature>
      <feature code="0130" name="Other minimal use" type="Region" datasourceAlias="LandCover" datasetName="Other_minimal_use">
        <fields>
          <field name="SmUserID" caption="SmUserID" value="0" DataType="Default" KeyField="True" />
          <field name="Class" caption="Class" value="0130" DataType="Default" KeyField="True" />
        </fields>
      </feature>
    </feature>
    <feature code="0200" name="Relatively Natural Environments" type="Unknown" datasourceAlias="" datasetName="">
      <fields />
      <feature code="0210" name="Grazing native vegetation" type="Region" datasourceAlias="LandCover" datasetName="Grazing_native_vegetation">
        <fields>
          <field name="SmUserID" caption="SmUserID" value="0" DataType="Default" KeyField="True" />
          <field name="Class" caption="Class" value="0210" DataType="Default" KeyField="True" />
        </fields>
      </feature>
      <feature code="0220" name=" Production native forests" type="Region" datasourceAlias="LandCover" datasetName="Production_native_forests">
        <fields>
          <field name="SmUserID" caption="SmUserID" value="0" DataType="Default" KeyField="True" />
          <field name="Class" caption="Class" value="0220" DataType="Default" KeyField="True" />
        </fields>
      </feature>
    </feature>
    <feature code="0300" name="Dryland Agriculture and Plantations" type="Unknown" datasourceAlias="" datasetName="">
      <fields />
      <feature code="0310" name="Plantation forests" type="Region" datasourceAlias="LandCover" datasetName="Plantation_forests">
        <fields>
          <field name="SmUserID" caption="SmUserID" value="0" DataType="Default" KeyField="True" />
          <field name="Class" caption="Class" value="0310" DataType="Default" KeyField="True" />
        </fields>
      </feature>
      <feature code="0320" name=" Grazing modified pastures" type="Region" datasourceAlias="LandCover" datasetName="Grazing_modified_pastures">
        <fields>
          <field name="SmUserID" caption="SmUserID" value="0" DataType="Default" KeyField="True" />
          <field name="Class" caption="Class" value="0320" DataType="Default" KeyField="True" />
        </fields>
      </feature>
      <feature code="0330" name="Cropping" type="Region" datasourceAlias="LandCover" datasetName="Cropping">
        <fields>
          <field name="SmUserID" caption="SmUserID" value="0" DataType="Default" KeyField="True" />
          <field name="Class" caption="Class" value="0330" DataType="Default" KeyField="True" />
        </fields>
      </feature>
      <feature code="0340" name="Perennial horticulture" type="Region" datasourceAlias="LandCover" datasetName="Perennial_horticulture">
        <fields>
          <field name="SmUserID" caption="SmUserID" value="0" DataType="Default" KeyField="True" />
          <field name="Class" caption="Class" value="0340" DataType="Default" KeyField="True" />
        </fields>
      </feature>
      <feature code="0350" name="Seasonal horticulture" type="Region" datasourceAlias="LandCover" datasetName="Seasonal_horticulture">
        <fields>
          <field name="SmUserID" caption="SmUserID" value="0" DataType="Default" KeyField="True" />
          <field name="Class" caption="Class" value="0350" DataType="Default" KeyField="True" />
        </fields>
      </feature>
      <feature code="0360" name="Land in transition" type="Region" datasourceAlias="LandCover" datasetName="Land_in_transition">
        <fields>
          <field name="SmUserID" caption="SmUserID" value="0" DataType="Default" KeyField="True" />
          <field name="Class" caption="Class" value="0360" DataType="Default" KeyField="True" />
        </fields>
      </feature>
    </feature>
    <feature code="0400" name="Irrigated Agriculture and Plantations" type="Unknown" datasourceAlias="" datasetName="">
      <fields />
      <feature code="0410" name=" Irrigated plantation forests" type="Region" datasourceAlias="LandCover" datasetName="Irrigated_plantation_forests">
        <fields>
          <field name="SmUserID" caption="SmUserID" value="0" DataType="Default" KeyField="True" />
          <field name="Class" caption="Class" value="0410" DataType="Default" KeyField="True" />
        </fields>
      </feature>
      <feature code="0420" name="Grazing irrigated modified pastures" type="Region" datasourceAlias="LandCover" datasetName="Grazing_irrigated_modified_pastures">
        <fields>
          <field name="SmUserID" caption="SmUserID" value="0" DataType="Default" KeyField="True" />
          <field name="Class" caption="Class" value="0420" DataType="Default" KeyField="True" />
        </fields>
      </feature>
      <feature code="0430" name="Irrigated cropping" type="Region" datasourceAlias="LandCover" datasetName="Irrigated_cropping">
        <fields>
          <field name="SmUserID" caption="SmUserID" value="0" DataType="Default" KeyField="True" />
          <field name="Class" caption="Class" value="0430" DataType="Default" KeyField="True" />
        </fields>
      </feature>
      <feature code="0440" name="Irrigated perennial horticulture" type="Region" datasourceAlias="LandCover" datasetName="Irrigated_perennial_horticulture">
        <fields>
          <field name="SmUserID" caption="SmUserID" value="0" DataType="Default" KeyField="True" />
          <field name="Class" caption="Class" value="0440" DataType="Default" KeyField="True" />
        </fields>
      </feature>
      <feature code="0450" name="Irrigated seasonal horticulture" type="Region" datasourceAlias="LandCover" datasetName="Irrigated_seasonal_horticulture">
        <fields>
          <field name="SmUserID" caption="SmUserID" value="0" DataType="Default" KeyField="True" />
          <field name="Class" caption="Class" value="0450" DataType="Default" KeyField="True" />
        </fields>
      </feature>
      <feature code="0460" name="Irrigated land in transition" type="Region" datasourceAlias="LandCover" datasetName="Irrigated_land_in_transition">
        <fields>
          <field name="SmUserID" caption="SmUserID" value="0" DataType="Default" KeyField="True" />
          <field name="Class" caption="Class" value="0460" DataType="Default" KeyField="True" />
        </fields>
      </feature>
    </feature>
    <feature code="0500" name=" Intensive Uses" type="Unknown" datasourceAlias="" datasetName="">
      <fields />
      <feature code="0510" name=" Intensive horticulture" type="Region" datasourceAlias="LandCover" datasetName="Intensive_horticulture">
        <fields>
          <field name="SmUserID" caption="SmUserID" value="0" DataType="Default" KeyField="True" />
          <field name="Class" caption="Class" value="0510" DataType="Default" KeyField="True" />
        </fields>
      </feature>
      <feature code="0520" name="Intensive animal production" type="Region" datasourceAlias="LandCover" datasetName="Intensive_animal_production">
        <fields>
          <field name="SmUserID" caption="SmUserID" value="0" DataType="Default" KeyField="True" />
          <field name="Class" caption="Class" value="0520" DataType="Default" KeyField="True" />
        </fields>
      </feature>
      <feature code="0530" name="Manufacturing and industria" type="Region" datasourceAlias="LandCover" datasetName="Manufacturing_and_industrial">
        <fields>
          <field name="SmUserID" caption="SmUserID" value="0" DataType="Default" KeyField="True" />
          <field name="Class" caption="Class" value="0530" DataType="Default" KeyField="True" />
        </fields>
      </feature>
      <feature code="0540" name="Residential" type="Region" datasourceAlias="LandCover" datasetName="Residential">
        <fields>
          <field name="SmUserID" caption="SmUserID" value="0" DataType="Default" KeyField="True" />
          <field name="Class" caption="Class" value="0540" DataType="Default" KeyField="True" />
        </fields>
      </feature>
      <feature code="0550" name="Services" type="Region" datasourceAlias="LandCover" datasetName="Services">
        <fields>
          <field name="SmUserID" caption="SmUserID" value="0" DataType="Default" KeyField="True" />
          <field name="Class" caption="Class" value="0550" DataType="Default" KeyField="True" />
        </fields>
      </feature>
      <feature code="0560" name="Utilities" type="Region" datasourceAlias="LandCover" datasetName="Utilities">
        <fields>
          <field name="SmUserID" caption="SmUserID" value="0" DataType="Default" KeyField="True" />
          <field name="Class" caption="Class" value="0560" DataType="Default" KeyField="True" />
        </fields>
      </feature>
      <feature code="0570" name=" Transport and communication" type="Region" datasourceAlias="LandCover" datasetName="Transport_and_communication">
        <fields>
          <field name="SmUserID" caption="SmUserID" value="0" DataType="Default" KeyField="True" />
          <field name="Class" caption="Class" value="0570" DataType="Default" KeyField="True" />
        </fields>
      </feature>
      <feature code="0580" name="Mining" type="Region" datasourceAlias="LandCover" datasetName="Mining">
        <fields>
          <field name="SmUserID" caption="SmUserID" value="0" DataType="Default" KeyField="True" />
          <field name="Class" caption="Class" value="0580" DataType="Default" KeyField="True" />
        </fields>
      </feature>
      <feature code="0590" name="Waste treatment and disposal" type="Region" datasourceAlias="LandCover" datasetName="Waste_treatment_and_disposal">
        <fields>
          <field name="SmUserID" caption="SmUserID" value="0" DataType="Default" KeyField="True" />
          <field name="Class" caption="Class" value="0590" DataType="Default" KeyField="True" />
        </fields>
      </feature>
    </feature>
    <feature code="0600" name=" Water" type="Unknown" datasourceAlias="" datasetName="">
      <fields />
      <feature code="0610" name=" Lake" type="Region" datasourceAlias="LandCover" datasetName="Lake">
        <fields>
          <field name="SmUserID" caption="SmUserID" value="0" DataType="Default" KeyField="True" />
          <field name="Class" caption="Class" value="0610" DataType="Default" KeyField="True" />
        </fields>
      </feature>
      <feature code="0620" name=" Reservoir/dam" type="Region" datasourceAlias="LandCover" datasetName="Reservoir_or_dam">
        <fields>
          <field name="SmUserID" caption="SmUserID" value="0" DataType="Default" KeyField="True" />
          <field name="Class" caption="Class" value="0620" DataType="Default" KeyField="True" />
        </fields>
      </feature>
      <feature code="0630" name="River" type="Region" datasourceAlias="LandCover" datasetName="River">
        <fields>
          <field name="SmUserID" caption="SmUserID" value="0" DataType="Default" KeyField="True" />
          <field name="Class" caption="Class" value="0630" DataType="Default" KeyField="True" />
        </fields>
      </feature>
      <feature code="0640" name="Channel/aqueduct" type="Region" datasourceAlias="LandCover" datasetName="Channel_or_aqueduct">
        <fields>
          <field name="SmUserID" caption="SmUserID" value="0" DataType="Default" KeyField="True" />
          <field name="Class" caption="Class" value="0640" DataType="Default" KeyField="True" />
        </fields>
      </feature>
      <feature code="0650" name="Marsh/wetland" type="Region" datasourceAlias="LandCover" datasetName="Marsh_or_wetland">
        <fields>
          <field name="SmUserID" caption="SmUserID" value="0" DataType="Default" KeyField="True" />
          <field name="Class" caption="Class" value="0650" DataType="Default" KeyField="True" />
        </fields>
      </feature>
      <feature code="0660" name="Estuary/coastal waters" type="Region" datasourceAlias="LandCover" datasetName="Estuary_or_coastal_waters">
        <fields>
          <field name="SmUserID" caption="SmUserID" value="0" DataType="Default" KeyField="True" />
          <field name="Class" caption="Class" value="0660" DataType="Default" KeyField="True" />
        </fields>
      </feature>
    </feature>
  </template>
</featureSymbol>