﻿<?xml version="1.0" encoding="utf-8"?>
<featureSymbol xmlns="http://www.supermap.com.cn/desktop">
  <template name="土地规划分类">
    <feature code="0100" name="农用地" type="Unknown" datasourceAlias="" datasetName="">
      <fields />
      <feature code="0110" name="耕地" type="Region" datasourceAlias="土地规划分类" datasetName="耕地_面">
        <fields>
          <field name="SmUserID" caption="SmUserID" value="0" DataType="Default" KeyField="True" />
          <field name="Class" caption="Class" value="0110" DataType="Default" KeyField="True" />
        </fields>
      </feature>
      <feature code="0120" name="园地" type="Region" datasourceAlias="土地规划分类" datasetName="园地_面">
        <fields>
          <field name="SmUserID" caption="SmUserID" value="0" DataType="Default" KeyField="True" />
          <field name="Class" caption="Class" value="0120" DataType="Default" KeyField="True" />
        </fields>
      </feature>
      <feature code="0130" name="林地" type="Region" datasourceAlias="土地规划分类" datasetName="林地_面">
        <fields>
          <field name="SmUserID" caption="SmUserID" value="0" DataType="Default" KeyField="True" />
          <field name="Class" caption="Class" value="0130" DataType="Default" KeyField="True" />
        </fields>
      </feature>
      <feature code="0140" name="牧草地" type="Region" datasourceAlias="土地规划分类" datasetName="牧草地_面">
        <fields>
          <field name="SmUserID" caption="SmUserID" value="0" DataType="Default" KeyField="True" />
          <field name="Class" caption="Class" value="0140" DataType="Default" KeyField="True" />
        </fields>
      </feature>
      <feature code="0150" name="其他农用地" type="Region" datasourceAlias="土地规划分类" datasetName="其他农用地_面">
        <fields>
          <field name="SmUserID" caption="SmUserID" value="0" DataType="Default" KeyField="True" />
          <field name="Class" caption="Class" value="0150" DataType="Default" KeyField="True" />
        </fields>
      </feature>
    </feature>
    <feature code="0200" name="城乡建设用地" type="Unknown" datasourceAlias="" datasetName="">
      <fields />
      <feature code="0210" name="城镇用地" type="Region" datasourceAlias="土地规划分类" datasetName="城镇用地_面">
        <fields>
          <field name="SmUserID" caption="SmUserID" value="0" DataType="Default" KeyField="True" />
          <field name="Class" caption="Class" value="0210" DataType="Default" KeyField="True" />
        </fields>
      </feature>
      <feature code="0220" name="农村居民点用地" type="Region" datasourceAlias="土地规划分类" datasetName="农村居名点用地_面">
        <fields>
          <field name="SmUserID" caption="SmUserID" value="0" DataType="Default" KeyField="True" />
          <field name="Class" caption="Class" value="0220" DataType="Default" KeyField="True" />
        </fields>
      </feature>
      <feature code="0230" name="采矿用地" type="Region" datasourceAlias="土地规划分类" datasetName="采矿用地_面">
        <fields>
          <field name="SmUserID" caption="SmUserID" value="0" DataType="Default" KeyField="True" />
          <field name="Class" caption="Class" value="0230" DataType="Default" KeyField="True" />
        </fields>
      </feature>
      <feature code="0240" name="其他独立建设用地" type="Region" datasourceAlias="土地规划分类" datasetName="其他独立建设用地_面">
        <fields>
          <field name="SmUserID" caption="SmUserID" value="0" DataType="Default" KeyField="True" />
          <field name="Class" caption="Class" value="0240" DataType="Default" KeyField="True" />
        </fields>
      </feature>
    </feature>
    <feature code="0300" name="交通水利用地" type="Unknown" datasourceAlias="" datasetName="">
      <fields />
      <feature code="0310" name="铁路用地" type="Unknown" datasourceAlias="" datasetName="">
        <fields />
        <feature code="0311" name="铁路用地_线" type="Line" datasourceAlias="土地规划分类" datasetName="铁路用地_线">
          <fields>
            <field name="SmUserID" caption="SmUserID" value="0" DataType="Default" KeyField="True" />
            <field name="Class" caption="Class" value="0311" DataType="Default" KeyField="True" />
          </fields>
        </feature>
        <feature code="0312" name="铁路用地_面" type="Region" datasourceAlias="土地规划分类" datasetName="铁路用地_面">
          <fields>
            <field name="SmUserID" caption="SmUserID" value="0" DataType="Default" KeyField="True" />
            <field name="Class" caption="Class" value="0312" DataType="Default" KeyField="True" />
          </fields>
        </feature>
      </feature>
      <feature code="0320" name="公路用地" type="Unknown" datasourceAlias="" datasetName="">
        <fields />
        <feature code="0321" name="公路用地_线" type="Line" datasourceAlias="土地规划分类" datasetName="公路用地_线">
          <fields>
            <field name="SmUserID" caption="SmUserID" value="0" DataType="Default" KeyField="True" />
            <field name="Class" caption="Class" value="0321" DataType="Default" KeyField="True" />
          </fields>
        </feature>
        <feature code="0322" name="公路用地_面" type="Region" datasourceAlias="土地规划分类" datasetName="公路用地_面">
          <fields>
            <field name="SmUserID" caption="SmUserID" value="0" DataType="Default" KeyField="True" />
            <field name="Class" caption="Class" value="0322" DataType="Default" KeyField="True" />
          </fields>
        </feature>
      </feature>
      <feature code="0330" name="民用机场用地" type="Region" datasourceAlias="土地规划分类" datasetName="民用机场用地_面">
        <fields>
          <field name="SmUserID" caption="SmUserID" value="0" DataType="Default" KeyField="True" />
          <field name="Class" caption="Class" value="0330" DataType="Default" KeyField="True" />
        </fields>
      </feature>
      <feature code="0340" name="港口码头用地" type="Region" datasourceAlias="土地规划分类" datasetName="港口码头用地_面">
        <fields>
          <field name="SmUserID" caption="SmUserID" value="0" DataType="Default" KeyField="True" />
          <field name="Class" caption="Class" value="0340" DataType="Default" KeyField="True" />
        </fields>
      </feature>
      <feature code="0350" name="管道运输用地" type="Unknown" datasourceAlias="" datasetName="">
        <fields />
        <feature code="0351" name="管道运输用地_线" type="Line" datasourceAlias="土地规划分类" datasetName="管道运输用地_线">
          <fields>
            <field name="SmUserID" caption="SmUserID" value="0" DataType="Default" KeyField="True" />
            <field name="Class" caption="Class" value="0351" DataType="Default" KeyField="True" />
          </fields>
        </feature>
        <feature code="0352" name="管道运输用地_面" type="Region" datasourceAlias="土地规划分类" datasetName="管道运输用地_面">
          <fields>
            <field name="SmUserID" caption="SmUserID" value="0" DataType="Default" KeyField="True" />
            <field name="Class" caption="Class" value="0352" DataType="Default" KeyField="True" />
          </fields>
        </feature>
      </feature>
      <feature code="0360" name="水库水面" type="Region" datasourceAlias="土地规划分类" datasetName="水库水面_面">
        <fields>
          <field name="SmUserID" caption="SmUserID" value="0" DataType="Default" KeyField="True" />
          <field name="Class" caption="Class" value="0360" DataType="Default" KeyField="True" />
        </fields>
      </feature>
      <feature code="0370" name="水工建筑用地" type="Unknown" datasourceAlias="" datasetName="">
        <fields />
        <feature code="0371" name="水工建筑用地_线" type="Line" datasourceAlias="土地规划分类" datasetName="水工建筑用地_线">
          <fields>
            <field name="SmUserID" caption="SmUserID" value="0" DataType="Default" KeyField="True" />
            <field name="Class" caption="Class" value="0371" DataType="Default" KeyField="True" />
          </fields>
        </feature>
        <feature code="0372" name="水工建筑用地_面" type="Region" datasourceAlias="土地规划分类" datasetName="水工建筑用地_面">
          <fields>
            <field name="SmUserID" caption="SmUserID" value="0" DataType="Default" KeyField="True" />
            <field name="Class" caption="Class" value="0372" DataType="Default" KeyField="True" />
          </fields>
        </feature>
      </feature>
    </feature>
    <feature code="0400" name="其他建设用地" type="Unknown" datasourceAlias="" datasetName="">
      <fields />
      <feature code="0410" name="风景名胜设施用地" type="Region" datasourceAlias="土地规划分类" datasetName="风景名胜设施用地_面">
        <fields>
          <field name="SmUserID" caption="SmUserID" value="0" DataType="Default" KeyField="True" />
          <field name="Class" caption="Class" value="0410" DataType="Default" KeyField="True" />
        </fields>
      </feature>
      <feature code="0420" name="特殊用地" type="Region" datasourceAlias="土地规划分类" datasetName="特殊用地_面">
        <fields>
          <field name="SmUserID" caption="SmUserID" value="0" DataType="Default" KeyField="True" />
          <field name="Class" caption="Class" value="0420" DataType="Default" KeyField="True" />
        </fields>
      </feature>
      <feature code="0430" name="盐田" type="Region" datasourceAlias="土地规划分类" datasetName="盐田_面">
        <fields>
          <field name="SmUserID" caption="SmUserID" value="0" DataType="Default" KeyField="True" />
          <field name="Class" caption="Class" value="0430" DataType="Default" KeyField="True" />
        </fields>
      </feature>
    </feature>
    <feature code="0500" name="水域" type="Unknown" datasourceAlias="" datasetName="">
      <fields />
      <feature code="0510" name="河流水面及湖泊水面" type="Unknown" datasourceAlias="" datasetName="">
        <fields />
        <feature code="0511" name="河流水面及湖泊水面_线" type="Line" datasourceAlias="土地规划分类" datasetName="河流水面及湖泊水面_线">
          <fields>
            <field name="SmUserID" caption="SmUserID" value="0" DataType="Default" KeyField="True" />
            <field name="Class" caption="Class" value="0511" DataType="Default" KeyField="True" />
          </fields>
        </feature>
        <feature code="0512" name="河流水面及湖泊水面_面" type="Region" datasourceAlias="土地规划分类" datasetName="河流水面及湖泊水面_面">
          <fields>
            <field name="SmUserID" caption="SmUserID" value="0" DataType="Default" KeyField="True" />
            <field name="Class" caption="Class" value="0512" DataType="Default" KeyField="True" />
          </fields>
        </feature>
      </feature>
      <feature code="0520" name="滩涂" type="Region" datasourceAlias="土地规划分类" datasetName="滩涂_面">
        <fields>
          <field name="SmUserID" caption="SmUserID" value="0" DataType="Default" KeyField="True" />
          <field name="Class" caption="Class" value="0520" DataType="Default" KeyField="True" />
        </fields>
      </feature>
    </feature>
    <feature code="0600" name="其他土地" type="Unknown" datasourceAlias="" datasetName="">
      <fields />
      <feature code="0610" name="自然保留地" type="Region" datasourceAlias="土地规划分类" datasetName="自然保留地_面">
        <fields>
          <field name="SmUserID" caption="SmUserID" value="0" DataType="Default" KeyField="True" />
          <field name="Class" caption="Class" value="0610" DataType="Default" KeyField="True" />
        </fields>
      </feature>
    </feature>
  </template>
</featureSymbol>